seed,arm,trainable_params,trainable_pct,mean_orig,mean_lora,mean_delta,sev5_orig,sev5_lora,sev5_delta
42,uniform,442368,0.51,0.7000,0.8450,+0.1450,0.1567,0.4267,+0.2700
42,drift,336384,0.39,0.7000,0.8483,+0.1483,0.1567,0.4533,+0.2967
42,late,110592,0.13,0.7000,0.7622,+0.0622,0.1567,0.2400,+0.0833
43,uniform,442368,0.51,0.6844,0.8689,+0.1844,0.1633,0.4500,+0.2867
43,drift,336384,0.39,0.6844,0.8622,+0.1778,0.1633,0.4267,+0.2633
43,late,110592,0.13,0.6844,0.7650,+0.0806,0.1633,0.2367,+0.0733
44,uniform,442368,0.51,0.7067,0.8594,+0.1528,0.1500,0.4200,+0.2700
44,drift,336384,0.39,0.7067,0.8600,+0.1533,0.1500,0.4267,+0.2767
44,late,110592,0.13,0.7067,0.7828,+0.0761,0.1500,0.2767,+0.1267
